rosters
AL-Blount
AL-Cherokee
AL-Chilton
AL-Choctaw
AL-Clay
AL-Covington
AL-DeKalb
AL-Etowah
AL-Franklin
AL-Jefferson
AL-Jefferson_Birmingham
AL-Limestone
AL-Marion
AL-Marshall
AL-Mobile
AL-Monroe
AL-Pickens
AL-Pike
AL-Randolph
AL-Shelby
AL-St_Clair
AL-Washington
AR-Benton
AR-Boone
AR-Calhoun
AR-Columbia
AR-Craighead
AR-Crittenden
AR-Cross
AR-Drew
AR-Dumas
AR-Franklin
AR-Hempstead
AR-Howard
AR-Izard
AR-Jefferson
AR-Johnson
AR-Lincoln
AR-Marion
AR-Monroe
AR-Nevada
AR-Newton
AR-Poinsett
AR-Pope
AR-Pulaski
AR-Randolph
AR-Searcy
AR-Washington
AR-White
AR-Yell
AZ-Yuma
CA-Kern
CA-Kings
CA-Mariposa
CA-Mendocino
CA-Merced
CA-Monterey
CA-San_Mateo
CA-Santa_Cruz
CA-Sutter
CA-Tehama
CO-Arapahoe
CO-Bent
CO-Jefferson
CO-Larimer
CO-Pueblo
FL-Alachua
FL-Bradford
FL-Broward
FL-Clay
FL-DeSoto
FL-Escambia
FL-Flagler
FL-Indian_River
FL-Leon
FL-Levy
FL-Nassau
FL-Okaloosa
FL-Osceola
FL-Pasco
FL-Putnam
FL-Santa_Rosa
FL-St_Lucie
FL-Suwannee
FL-Taylor
FL-Walton
FL-Washington
GA-Bartow
GA-Bulloch
GA-Burke
GA-Carroll
GA-Catoosa
GA-Clayton
GA-Cobb
GA-Columbia
GA-Coweta
GA-Dawson
GA-Decatur
GA-Douglas
GA-Effingham
GA-Floyd
GA-Gordon
GA-Hall
GA-Haralson
GA-Houston
GA-Jackson
GA-Liberty
GA-Lumpkin
GA-Madison
GA-Monroe
GA-Newton
GA-Oconee
GA-Paulding
GA-Pickens
GA-Pierce
GA-Polk
GA-Rabun
GA-Rockdale
GA-Sumter
GA-Tattnall
GA-Toombs
GA-Union
GA-Upson
GA-Whitfield
IA-Buena_Vista
IA-Clinton
IA-Dallas
IA-Dickinson
IA-Ida
IA-Linn
IA-Osceola
IA-Pottawattamie
IA-Scott
IA-Story
ID-Elmore
ID-Power
IL-Champaign
IL-Crawford
IL-Douglas
IL-Kendall
IL-Macon
IL-Peoria
IL-Randolph
IL-Will
IL-Woodford
IN-Boone
IN-Dearborn
IN-Delaware
IN-Dubois
IN-Grant
IN-Hamilton
IN-Hancock
IN-Howard
IN-Jackson
IN-Knox
IN-La_Porte
IN-Lake
IN-Madison
IN-Marion
IN-Montgomery
IN-Perry
IN-Porter
IN-Pulaski
IN-Ripley
IN-Scott
IN-Shelby
IN-St_Joseph
IN-Starke
IN-Steuben
IN-Tippecanoe
IN-Vigo
IN-Washington
IN-Whitley
KS-Brown
KS-Chase
KS-Cherokee
KS-Coffey
KS-Crawford
KS-Dickinson
KS-Doniphan
KS-Finney
KS-Geary
KS-Jackson
KS-Jefferson
KS-Labette
KS-Marion
KS-McPherson
KS-Pratt
KS-Reno
KS-Rooks
KS-Shawnee
KS-Sumner
KS-Thomas
KS-Wabaunsee
KS-Wyandotte
KY-Adair
KY-Barren
KY-Bell
KY-Big_Sandy
KY-Boone
KY-Boyle
KY-Breckinridge
KY-Bullitt
KY-Calloway
KY-Campbell
KY-Carroll
KY-Carter
KY-Casey
KY-Christian
KY-Clark
KY-Clay
KY-Daviess
KY-Fulton
KY-Grant
KY-Graves
KY-Hardin
KY-Harlan
KY-Hopkins
KY-Jackson
KY-Jessamine
KY-Kenton
KY-Larue
KY-Laurel
KY-Letcher
KY-Mason
KY-McCracken
KY-Montgomery
KY-Muhlenberg
KY-Nelson
KY-Ohio
KY-Oldham
KY-Pike
KY-Pulaski
KY-Rockcastle
KY-Rowan
KY-Russell
KY-Scott
KY-Shelby
KY-Taylor
KY-Three_Forks
KY-Warren
KY-Webster
KY-Woodford
LA-Acadia
LA-Allen
LA-Assumption
LA-Bossier
LA-DeSoto
LA-Iberville
LA-Jefferson
LA-Lafourche
LA-Natchitoches
LA-Ouachita
LA-Rapides
LA-St_Charles
LA-St_James
LA-St_John
LA-Terrebonne
MD-Allegany
MD-Dorchester
MI-Berrien
MI-Isabella
MI-Kalamazoo
MI-Marquette
MI-Midland
MI-St_Clair
MN-Benton
MN-Clay
MN-Clearwater
MN-Crow_Wing
MN-Dakota
MN-Houston
MN-Isanti
MN-Kandiyohi
MN-Lac_Qui_Parle
MN-Le_Sueur
MN-Lyon
MN-McLeod
MN-Mille_Lacs
MN-Morrison
MN-Nicollet
MN-Pipestone
MN-Polk
MN-Redwood
MN-Renville
MN-Rice
MN-Scott
MN-Sibley
MN-St_Louis
MN-Swift
MN-Todd
MN-Traverse
MN-Wadena
MN-Watonwan
MN-Wilkin
MN-Winona
MO-Bollinger
MO-Boone
MO-Buchanan
MO-Cass
MO-Cedar
MO-Cooper
MO-Daviess
MO-Greene
MO-Howard
MO-Johnson
MO-Lawrence
MO-Lewis
MO-McDonald
MO-Monroe
MO-Morgan
MO-Perry
MO-Platte
MO-Randolph
MO-Saline
MO-Scott
MO-Stone
MS-Calhoun
MS-Clay
MS-DeSoto
MS-Forrest
MS-Hancock
MS-Harrison
MS-Hinds
MS-Jackson
MS-Jasper
MS-Jones
MS-Lafayette
MS-Lamar
MS-Madison
MS-Marion
MS-Perry
MS-Tunica
MT-Broadwater
MT-Flathead
MT-Gallatin
MT-Missoula
MT-Ravalli
NC-Alamance
NC-Alexander
NC-Brunswick
NC-Buncombe
NC-Burke
NC-Cabarrus
NC-Caldwell
NC-Carteret
NC-Catawba
NC-Cherokee
NC-Cleveland
NC-Columbus
NC-Craven
NC-Cumberland
NC-Durham
NC-Forsyth
NC-Halifax
NC-Harnett
NC-Henderson
NC-Hoke
NC-Iredell
NC-Johnston
NC-Lincoln
NC-Macon
NC-McDowell
NC-Mecklenburg
NC-Pender
NC-Randolph
NC-Richmond
NC-Sampson
NC-Transylvania
ND-Burleigh
ND-Stutsman
ND-Williams
NE-Cass
NE-Lincoln
NJ-Cumberland
NJ-Essex
NJ-Ocean
NJ-Salem
NM-Bernalillo
NM-Dona_Ana
NM-San_Juan
NM-Socorro
NV-Clark
NV-Nye
NV-Washoe
NY-Delaware
NY-Greene
NY-Montgomery
NY-Niagara
NY-Oneida
NY-Onondaga
NY-Otsego
NY-Rockland
NY-Seneca
NY-St_Lawrence
NY-Steuben
NY-Ulster
NY-Wayne
NY-Yates
OH-Adams
OH-Allen
OH-Belmont
OH-Brown
OH-Clermont
OH-Darke
OH-Erie
OH-Gallia
OH-Greene
OH-Hancock
OH-Highland
OH-Holmes
OH-Huron
OH-Lake
OH-Licking
OH-Mahoning
OH-Marion
OH-Mercer
OH-Montgomery
OH-Morrow
OH-Ottawa
OH-Paulding
OH-Preble
OH-Ross
OH-Southeastern
OH-Stark
OH-Warren
OH-Wood
OH-Wyandot
OK-Carter
OK-Comanche
OK-Creek
OK-Lincoln
OK-Logan
OK-Love
OK-Mayes
OK-Pawnee
OK-Payne
OK-Pottawatomie
OK-Seminole
OK-Tulsa
OR-Baker
OR-Benton
OR-Clatsop
OR-Columbia
OR-Crook
OR-Curry
OR-Deschutes
OR-Harney
OR-Jackson
OR-Jefferson
OR-Josephine
OR-Klamath
OR-Lane
OR-Lincoln
OR-Marion
OR-Multnomah
OR-Tillamook
OR-Yamhill
PA-Dauphin
PA-Greene
SC-Anderson
SC-Beaufort
SC-Cherokee
SC-Chester
SC-Darlington
SC-Florence
SC-Kershaw
SC-Laurens
SC-Oconee
SC-Sumter
SC-Union
SD-Clay
SD-Codington
SD-Meade
SD-Minnehaha
SD-Pennington
TN-Bradley
TN-Carter
TN-Crockett
TN-Davidson
TN-Giles
TN-Knox
TN-Marshall
TN-Rhea
TN-Robertson
TN-Shelby
TN-Sullivan
TX-Andrews
TX-Angelina
TX-Aransas
TX-Bell
TX-Brazoria
TX-Brazos
TX-Brown
TX-Calhoun
TX-Cameron
TX-Coleman
TX-Denton
TX-Ector
TX-El_Paso
TX-Erath
TX-Grayson
TX-Hale
TX-Hardin
TX-Hays
TX-Hockley
TX-Hopkins
TX-Howard
TX-Hunt
TX-Hutchinson
TX-Jim_Wells
TX-Kendall
TX-Kerr
TX-Kleberg
TX-Lavaca
TX-Mansfield
TX-Martin
TX-Midland
TX-Milam
TX-Mills
TX-Montgomery
TX-Nacogdoches
TX-Navarro
TX-Orange
TX-Palo_Pinto
TX-Parmer
TX-Polk
TX-Red_River
TX-Rusk
TX-Terry
TX-Titus
TX-Tom_Green
TX-Travis
TX-Victoria
TX-Washington
TX-Webb
TX-Young
UT-Davis
UT-Iron
VA-Blue_Ridge_Amherst
VA-Blue_Ridge_Halifax
VA-Blue_Ridge_Lynchburg
VA-Chesapeake
VA-Henrico
VA-New_River_Valley
VA-Northern_Neck
VA-Pamunkey
VA-Riverside
VA-Roanoke
VA-Rockbridge
VA-Southwest
VA-Virginia_Beach
VA-Warren
VA-Western_Tidewater
VA-Western_Virginia
WA-Chelan
WA-Clallam
WA-Cowlitz
WA-Jefferson
WA-King_Des_Moines
WA-King_Enumclaw
WA-King_Issaquah
WA-King_Kent
WA-King_Kirkland
WA-Kitsap
WA-Kittitas
WA-Lincoln
WA-Nisqually
WA-Pacific
WA-Skagit
WA-Snohomish
WA-Spokane
WA-Thurston
WA-Walla_Walla
WA-Whatcom
WA-Whitman
WI-Barron
WI-Douglas
WI-La_Crosse
WI-Marathon
WI-Racine
WI-St_Croix
WV-All
WY-Lincoln
WY-Sweetwater
